Feature,transform,bin_index,value_bin_mid,count,skewness_original
MedInc,original,0,0.6735,77,1.6467
MedInc,original,1,1.0435,288,1.6467
MedInc,original,2,1.4060000000000001,638,1.6467
MedInc,original,3,1.7685,1244,1.6467
MedInc,original,4,2.131,1669,1.6467
MedInc,original,5,2.4935,1901,1.6467
MedInc,original,6,2.856,1812,1.6467
MedInc,original,7,3.2184999999999997,2054,1.6467
MedInc,original,8,3.581,1874,1.6467
MedInc,original,9,3.9435000000000002,1610,1.6467
MedInc,original,10,4.306,1426,1.6467
MedInc,original,11,4.6685,1188,1.6467
MedInc,original,12,5.031,1013,1.6467
MedInc,original,13,5.3934999999999995,819,1.6467
MedInc,original,14,5.756,596,1.6467
MedInc,original,15,6.1185,562,1.6467
MedInc,original,16,6.481,392,1.6467
MedInc,original,17,6.843500000000001,291,1.6467
MedInc,original,18,7.2059999999999995,199,1.6467
MedInc,original,19,7.5685,179,1.6467
MedInc,original,20,7.9315,169,1.6467
MedInc,original,21,8.294,124,1.6467
MedInc,original,22,8.6565,84,1.6467
MedInc,original,23,9.018999999999998,50,1.6467
MedInc,original,24,9.381499999999999,36,1.6467
MedInc,original,25,9.744,36,1.6467
MedInc,original,26,10.1065,58,1.6467
MedInc,original,27,10.469000000000001,48,1.6467
MedInc,original,28,10.8315,46,1.6467
MedInc,original,29,11.193999999999999,23,1.6467
MedInc,original,30,11.5565,14,1.6467
MedInc,original,31,11.919,10,1.6467
MedInc,original,32,12.2815,15,1.6467
MedInc,original,33,12.643999999999998,9,1.6467
MedInc,original,34,13.006499999999999,13,1.6467
MedInc,original,35,13.369,10,1.6467
MedInc,original,36,13.7315,5,1.6467
MedInc,original,37,14.094000000000001,1,1.6467
MedInc,original,38,14.4565,5,1.6467
MedInc,original,39,14.818999999999999,52,1.6467
MedInc,sqrt,0,0.745,23,1.6467
MedInc,sqrt,1,0.8255,18,1.6467
MedInc,sqrt,2,0.9045,47,1.6467
MedInc,sqrt,3,0.984,97,1.6467
MedInc,sqrt,4,1.0635,164,1.6467
MedInc,sqrt,5,1.1425,254,1.6467
MedInc,sqrt,6,1.2214999999999998,407,1.6467
MedInc,sqrt,7,1.3005,714,1.6467
MedInc,sqrt,8,1.3795000000000002,779,1.6467
MedInc,sqrt,9,1.459,1118,1.6467
MedInc,sqrt,10,1.5385,1118,1.6467
MedInc,sqrt,11,1.6175000000000002,1475,1.6467
MedInc,sqrt,12,1.6965,1254,1.6467
MedInc,sqrt,13,1.7755,1724,1.6467
MedInc,sqrt,14,1.8544999999999998,1422,1.6467
MedInc,sqrt,15,1.9335,1497,1.6467
MedInc,sqrt,16,2.013,1498,1.6467
MedInc,sqrt,17,2.0925000000000002,1183,1.6467
MedInc,sqrt,18,2.1715,1089,1.6467
MedInc,sqrt,19,2.2504999999999997,988,1.6467
MedInc,sqrt,20,2.3295000000000003,820,1.6467
MedInc,sqrt,21,2.4085,577,1.6467
MedInc,sqrt,22,2.4875,613,1.6467
MedInc,sqrt,23,2.567,400,1.6467
MedInc,sqrt,24,2.6465,268,1.6467
MedInc,sqrt,25,2.7255000000000003,234,1.6467
MedInc,sqrt,26,2.8045,205,1.6467
MedInc,sqrt,27,2.8834999999999997,158,1.6467
MedInc,sqrt,28,2.9625,91,1.6467
MedInc,sqrt,29,3.042,52,1.6467
MedInc,sqrt,30,3.1215,44,1.6467
MedInc,sqrt,31,3.2005,91,1.6467
MedInc,sqrt,32,3.2795,62,1.6467
MedInc,sqrt,33,3.3585000000000003,25,1.6467
MedInc,sqrt,34,3.4375,20,1.6467
MedInc,sqrt,35,3.5164999999999997,23,1.6467
MedInc,sqrt,36,3.596,15,1.6467
MedInc,sqrt,37,3.6755,13,1.6467
MedInc,sqrt,38,3.7545,5,1.6467
MedInc,sqrt,39,3.8335,55,1.6467
MedInc,log1p,0,0.43400000000000005,23,1.6467
MedInc,log1p,1,0.49450000000000005,4,1.6467
MedInc,log1p,2,0.5535,23,1.6467
MedInc,log1p,3,0.6125,47,1.6467
MedInc,log1p,4,0.6715,64,1.6467
MedInc,log1p,5,0.7304999999999999,96,1.6467
MedInc,log1p,6,0.79,163,1.6467
MedInc,log1p,7,0.8494999999999999,211,1.6467
MedInc,log1p,8,0.9085,302,1.6467
MedInc,log1p,9,0.9675,483,1.6467
MedInc,log1p,10,1.0265,553,1.6467
MedInc,log1p,11,1.086,694,1.6467
MedInc,log1p,12,1.1455000000000002,914,1.6467
MedInc,log1p,13,1.2045,927,1.6467
MedInc,log1p,14,1.2635,1140,1.6467
MedInc,log1p,15,1.3225,1110,1.6467
MedInc,log1p,16,1.3815,1267,1.6467
MedInc,log1p,17,1.441,1420,1.6467
MedInc,log1p,18,1.5005000000000002,1324,1.6467
MedInc,log1p,19,1.5594999999999999,1356,1.6467
MedInc,log1p,20,1.6185,1415,1.6467
MedInc,log1p,21,1.6775,1146,1.6467
MedInc,log1p,22,1.737,1101,1.6467
MedInc,log1p,23,1.7965,992,1.6467
MedInc,log1p,24,1.8555000000000001,863,1.6467
MedInc,log1p,25,1.9144999999999999,621,1.6467
MedInc,log1p,26,1.9735,639,1.6467
MedInc,log1p,27,2.0324999999999998,449,1.6467
MedInc,log1p,28,2.0919999999999996,281,1.6467
MedInc,log1p,29,2.1515,259,1.6467
MedInc,log1p,30,2.2105,210,1.6467
MedInc,log1p,31,2.2695,133,1.6467
MedInc,log1p,32,2.3285,65,1.6467
MedInc,log1p,33,2.388,80,1.6467
MedInc,log1p,34,2.4475,94,1.6467
MedInc,log1p,35,2.5065,44,1.6467
MedInc,log1p,36,2.5655,29,1.6467
MedInc,log1p,37,2.6245000000000003,25,1.6467
MedInc,log1p,38,2.6835,16,1.6467
MedInc,log1p,39,2.7430000000000003,57,1.6467
HouseAge,original,0,1.6119999999999999,62,0.0603
HouseAge,original,1,2.9124999999999996,62,0.0603
HouseAge,original,2,4.1875,191,0.0603
HouseAge,original,3,5.4625,404,0.0603
HouseAge,original,4,6.7375,175,0.0603
HouseAge,original,5,8.0125,206,0.0603
HouseAge,original,6,9.287500000000001,205,0.0603
HouseAge,original,7,10.5625,518,0.0603
HouseAge,original,8,11.837499999999999,238,0.0603
HouseAge,original,9,13.1125,302,0.0603
HouseAge,original,10,14.3875,924,0.0603
HouseAge,original,11,15.662500000000001,771,0.0603
HouseAge,original,12,16.9375,698,0.0603
HouseAge,original,13,18.2125,570,0.0603
HouseAge,original,14,19.4875,967,0.0603
HouseAge,original,15,20.7625,446,0.0603
HouseAge,original,16,22.0375,399,0.0603
HouseAge,original,17,23.3125,448,0.0603
HouseAge,original,18,24.5875,1044,0.0603
HouseAge,original,19,25.8625,619,0.0603
HouseAge,original,20,27.1375,488,0.0603
HouseAge,original,21,28.4125,932,0.0603
HouseAge,original,22,29.6875,476,0.0603
HouseAge,original,23,30.9625,458,0.0603
HouseAge,original,24,32.2375,565,0.0603
HouseAge,original,25,33.5125,1304,0.0603
HouseAge,original,26,34.787499999999994,824,0.0603
HouseAge,original,27,36.0625,862,0.0603
HouseAge,original,28,37.337500000000006,537,0.0603
HouseAge,original,29,38.6125,763,0.0603
HouseAge,original,30,39.8875,304,0.0603
HouseAge,original,31,41.162499999999994,296,0.0603
HouseAge,original,32,42.4375,721,0.0603
HouseAge,original,33,43.712500000000006,356,0.0603
HouseAge,original,34,44.9875,294,0.0603
HouseAge,original,35,46.2625,245,0.0603
HouseAge,original,36,47.537499999999994,375,0.0603
HouseAge,original,37,48.8125,134,0.0603
HouseAge,original,38,50.087500000000006,136,0.0603
HouseAge,original,39,51.3625,1321,0.0603
HouseAge,sqrt,0,1.0745,4,0.0603
HouseAge,sqrt,1,1.233,0,0.0603
HouseAge,sqrt,2,1.3885,58,0.0603
HouseAge,sqrt,3,1.5434999999999999,0,0.0603
HouseAge,sqrt,4,1.6985000000000001,62,0.0603
HouseAge,sqrt,5,1.854,0,0.0603
HouseAge,sqrt,6,2.0095,191,0.0603
HouseAge,sqrt,7,2.1645000000000003,244,0.0603
HouseAge,sqrt,8,2.3194999999999997,0,0.0603
HouseAge,sqrt,9,2.4749999999999996,160,0.0603
HouseAge,sqrt,10,2.6305,175,0.0603
HouseAge,sqrt,11,2.7855,206,0.0603
HouseAge,sqrt,12,2.941,205,0.0603
HouseAge,sqrt,13,3.0965,264,0.0603
HouseAge,sqrt,14,3.2515,254,0.0603
HouseAge,sqrt,15,3.4065000000000003,238,0.0603
HouseAge,sqrt,16,3.5620000000000003,302,0.0603
HouseAge,sqrt,17,3.7175000000000002,412,0.0603
HouseAge,sqrt,18,3.8725,512,0.0603
HouseAge,sqrt,19,4.0280000000000005,771,0.0603
HouseAge,sqrt,20,4.1835,1268,0.0603
HouseAge,sqrt,21,4.3385,502,0.0603
HouseAge,sqrt,22,4.4935,465,0.0603
HouseAge,sqrt,23,4.649,845,0.0603
HouseAge,sqrt,24,4.8045,448,0.0603
HouseAge,sqrt,25,4.9595,1044,0.0603
HouseAge,sqrt,26,5.1145,619,0.0603
HouseAge,sqrt,27,5.27,959,0.0603
HouseAge,sqrt,28,5.4254999999999995,937,0.0603
HouseAge,sqrt,29,5.580500000000001,1023,0.0603
HouseAge,sqrt,30,5.736000000000001,615,0.0603
HouseAge,sqrt,31,5.891500000000001,1513,0.0603
HouseAge,sqrt,32,6.0465,1399,0.0603
HouseAge,sqrt,33,6.201499999999999,763,0.0603
HouseAge,sqrt,34,6.356999999999999,600,0.0603
HouseAge,sqrt,35,6.512499999999999,721,0.0603
HouseAge,sqrt,36,6.6675,650,0.0603
HouseAge,sqrt,37,6.823,443,0.0603
HouseAge,sqrt,38,6.9785,311,0.0603
HouseAge,sqrt,39,7.1335,1457,0.0603
HouseAge,log1p,0,0.7324999999999999,4,0.0603
HouseAge,log1p,1,0.8160000000000001,0,0.0603
HouseAge,log1p,2,0.8979999999999999,0,0.0603
HouseAge,log1p,3,0.98,0,0.0603
HouseAge,log1p,4,1.0619999999999998,58,0.0603
HouseAge,log1p,5,1.1440000000000001,0,0.0603
HouseAge,log1p,6,1.226,0,0.0603
HouseAge,log1p,7,1.3079999999999998,0,0.0603
HouseAge,log1p,8,1.3900000000000001,62,0.0603
HouseAge,log1p,9,1.4715,0,0.0603
HouseAge,log1p,10,1.553,0,0.0603
HouseAge,log1p,11,1.635,191,0.0603
HouseAge,log1p,12,1.717,0,0.0603
HouseAge,log1p,13,1.799,244,0.0603
HouseAge,log1p,14,1.881,0,0.0603
HouseAge,log1p,15,1.963,160,0.0603
HouseAge,log1p,16,2.045,175,0.0603
HouseAge,log1p,17,2.127,0,0.0603
HouseAge,log1p,18,2.209,206,0.0603
HouseAge,log1p,19,2.291,205,0.0603
HouseAge,log1p,20,2.373,264,0.0603
HouseAge,log1p,21,2.455,254,0.0603
HouseAge,log1p,22,2.537,238,0.0603
HouseAge,log1p,23,2.6185,302,0.0603
HouseAge,log1p,24,2.7,412,0.0603
HouseAge,log1p,25,2.782,512,0.0603
HouseAge,log1p,26,2.864,1469,0.0603
HouseAge,log1p,27,2.9459999999999997,570,0.0603
HouseAge,log1p,28,3.028,967,0.0603
HouseAge,log1p,29,3.11,845,0.0603
HouseAge,log1p,30,3.192,926,0.0603
HouseAge,log1p,31,3.274,1185,0.0603
HouseAge,log1p,32,3.356,959,0.0603
HouseAge,log1p,33,3.4379999999999997,1395,0.0603
HouseAge,log1p,34,3.52,1869,0.0603
HouseAge,log1p,35,3.602,2223,0.0603
HouseAge,log1p,36,3.684,1067,0.0603
HouseAge,log1p,37,3.7655000000000003,1017,0.0603
HouseAge,log1p,38,3.847,1093,0.0603
HouseAge,log1p,39,3.9290000000000003,1768,0.0603
AveRooms,original,0,2.539,4752,20.6979
AveRooms,original,1,6.136,15074,20.6979
AveRooms,original,2,9.6625,655,20.6979
AveRooms,original,3,13.189,50,20.6979
AveRooms,original,4,16.7155,28,20.6979
AveRooms,original,5,20.2425,26,20.6979
AveRooms,original,6,23.769,16,20.6979
AveRooms,original,7,27.2955,12,20.6979
AveRooms,original,8,30.822000000000003,5,20.6979
AveRooms,original,9,34.3485,5,20.6979
AveRooms,original,10,37.875,5,20.6979
AveRooms,original,11,41.4015,2,20.6979
AveRooms,original,12,44.9285,0,20.6979
AveRooms,original,13,48.455,1,20.6979
AveRooms,original,14,51.9815,3,20.6979
AveRooms,original,15,55.507999999999996,1,20.6979
AveRooms,original,16,59.0345,1,20.6979
AveRooms,original,17,62.561,2,20.6979
AveRooms,original,18,66.0875,0,20.6979
AveRooms,original,19,69.61449999999999,0,20.6979
AveRooms,original,20,73.14099999999999,0,20.6979
AveRooms,original,21,76.66749999999999,0,20.6979
AveRooms,original,22,80.19399999999999,0,20.6979
AveRooms,original,23,83.72049999999999,0,20.6979
AveRooms,original,24,87.247,0,20.6979
AveRooms,original,25,90.77350000000001,0,20.6979
AveRooms,original,26,94.3005,0,20.6979
AveRooms,original,27,97.827,0,20.6979
AveRooms,original,28,101.3535,0,20.6979
AveRooms,original,29,104.88,0,20.6979
AveRooms,original,30,108.4065,0,20.6979
AveRooms,original,31,111.93350000000001,0,20.6979
AveRooms,original,32,115.46000000000001,0,20.6979
AveRooms,original,33,118.9865,0,20.6979
AveRooms,original,34,122.513,0,20.6979
AveRooms,original,35,126.0395,0,20.6979
AveRooms,original,36,129.566,0,20.6979
AveRooms,original,37,133.0925,1,20.6979
AveRooms,original,38,136.61950000000002,0,20.6979
AveRooms,original,39,140.14600000000002,1,20.6979
AveRooms,sqrt,0,1.052,8,20.6979
AveRooms,sqrt,1,1.3325,59,20.6979
AveRooms,sqrt,2,1.607,416,20.6979
AveRooms,sqrt,3,1.8815,2742,20.6979
AveRooms,sqrt,4,2.1565000000000003,7312,20.6979
AveRooms,sqrt,5,2.4314999999999998,7179,20.6979
AveRooms,sqrt,6,2.7065,2252,20.6979
AveRooms,sqrt,7,2.981,424,20.6979
AveRooms,sqrt,8,3.2554999999999996,92,20.6979
AveRooms,sqrt,9,3.5305,29,20.6979
AveRooms,sqrt,10,3.8055000000000003,23,20.6979
AveRooms,sqrt,11,4.0805,22,20.6979
AveRooms,sqrt,12,4.355,16,20.6979
AveRooms,sqrt,13,4.6295,15,20.6979
AveRooms,sqrt,14,4.9045000000000005,12,20.6979
AveRooms,sqrt,15,5.1795,8,20.6979
AveRooms,sqrt,16,5.4544999999999995,8,20.6979
AveRooms,sqrt,17,5.7295,2,20.6979
AveRooms,sqrt,18,6.004,8,20.6979
AveRooms,sqrt,19,6.2785,2,20.6979
AveRooms,sqrt,20,6.5535,1,20.6979
AveRooms,sqrt,21,6.8285,1,20.6979
AveRooms,sqrt,22,7.1035,1,20.6979
AveRooms,sqrt,23,7.378,3,20.6979
AveRooms,sqrt,24,7.6525,1,20.6979
AveRooms,sqrt,25,7.9275,2,20.6979
AveRooms,sqrt,26,8.2025,0,20.6979
AveRooms,sqrt,27,8.4775,0,20.6979
AveRooms,sqrt,28,8.752500000000001,0,20.6979
AveRooms,sqrt,29,9.027000000000001,0,20.6979
AveRooms,sqrt,30,9.3015,0,20.6979
AveRooms,sqrt,31,9.5765,0,20.6979
AveRooms,sqrt,32,9.851500000000001,0,20.6979
AveRooms,sqrt,33,10.1265,0,20.6979
AveRooms,sqrt,34,10.401,0,20.6979
AveRooms,sqrt,35,10.6755,0,20.6979
AveRooms,sqrt,36,10.9505,0,20.6979
AveRooms,sqrt,37,11.2255,0,20.6979
AveRooms,sqrt,38,11.500499999999999,1,20.6979
AveRooms,sqrt,39,11.775500000000001,1,20.6979
AveRooms,log1p,0,0.6655,3,20.6979
AveRooms,log1p,1,0.7765,3,20.6979
AveRooms,log1p,2,0.885,5,20.6979
AveRooms,log1p,3,0.9935,16,20.6979
AveRooms,log1p,4,1.1025,44,20.6979
AveRooms,log1p,5,1.2109999999999999,114,20.6979
AveRooms,log1p,6,1.3195000000000001,238,20.6979
AveRooms,log1p,7,1.4285,551,20.6979
AveRooms,log1p,8,1.5375,1544,20.6979
AveRooms,log1p,9,1.646,2836,20.6979
AveRooms,log1p,10,1.7545,4113,20.6979
AveRooms,log1p,11,1.8635,4711,20.6979
AveRooms,log1p,12,1.9725000000000001,3512,20.6979
AveRooms,log1p,13,2.081,1718,20.6979
AveRooms,log1p,14,2.1895,745,20.6979
AveRooms,log1p,15,2.2985,228,20.6979
AveRooms,log1p,16,2.407,72,20.6979
AveRooms,log1p,17,2.5155,42,20.6979
AveRooms,log1p,18,2.6245,20,20.6979
AveRooms,log1p,19,2.7335,19,20.6979
AveRooms,log1p,20,2.8419999999999996,17,20.6979
AveRooms,log1p,21,2.9505,16,20.6979
AveRooms,log1p,22,3.0595,16,20.6979
AveRooms,log1p,23,3.1685,12,20.6979
AveRooms,log1p,24,3.277,12,20.6979
AveRooms,log1p,25,3.3855,9,20.6979
AveRooms,log1p,26,3.4945,2,20.6979
AveRooms,log1p,27,3.6029999999999998,9,20.6979
AveRooms,log1p,28,3.7115,3,20.6979
AveRooms,log1p,29,3.8205,0,20.6979
AveRooms,log1p,30,3.9295,3,20.6979
AveRooms,log1p,31,4.038,2,20.6979
AveRooms,log1p,32,4.1465,3,20.6979
AveRooms,log1p,33,4.2555,0,20.6979
AveRooms,log1p,34,4.3645,0,20.6979
AveRooms,log1p,35,4.473,0,20.6979
AveRooms,log1p,36,4.5815,0,20.6979
AveRooms,log1p,37,4.6905,0,20.6979
AveRooms,log1p,38,4.7989999999999995,0,20.6979
AveRooms,log1p,39,4.9075,2,20.6979
AveBedrms,original,0,0.7385,18658,31.317
AveBedrms,original,1,1.5985,1752,31.317
AveBedrms,original,2,2.4415,112,31.317
AveBedrms,original,3,3.285,41,31.317
AveBedrms,original,4,4.1285,21,31.317
AveBedrms,original,5,4.9715,20,31.317
AveBedrms,original,6,5.8149999999999995,12,31.317
AveBedrms,original,7,6.6585,5,31.317
AveBedrms,original,8,7.5015,2,31.317
AveBedrms,original,9,8.344999999999999,5,31.317
AveBedrms,original,10,9.1885,2,31.317
AveBedrms,original,11,10.0315,3,31.317
AveBedrms,original,12,10.875,2,31.317
AveBedrms,original,13,11.7185,1,31.317
AveBedrms,original,14,12.5615,0,31.317
AveBedrms,original,15,13.405000000000001,0,31.317
AveBedrms,original,16,14.2485,1,31.317
AveBedrms,original,17,15.0915,1,31.317
AveBedrms,original,18,15.934999999999999,0,31.317
AveBedrms,original,19,16.7785,0,31.317
AveBedrms,original,20,17.621499999999997,0,31.317
AveBedrms,original,21,18.465,0,31.317
AveBedrms,original,22,19.308500000000002,0,31.317
AveBedrms,original,23,20.1515,0,31.317
AveBedrms,original,24,20.995,0,31.317
AveBedrms,original,25,21.838500000000003,0,31.317
AveBedrms,original,26,22.6815,0,31.317
AveBedrms,original,27,23.525,0,31.317
AveBedrms,original,28,24.368499999999997,0,31.317
AveBedrms,original,29,25.2115,0,31.317
AveBedrms,original,30,26.055,1,31.317
AveBedrms,original,31,26.8985,0,31.317
AveBedrms,original,32,27.741500000000002,0,31.317
AveBedrms,original,33,28.585,0,31.317
AveBedrms,original,34,29.4285,0,31.317
AveBedrms,original,35,30.271500000000003,0,31.317
AveBedrms,original,36,31.115000000000002,0,31.317
AveBedrms,original,37,31.9585,0,31.317
AveBedrms,original,38,32.801500000000004,0,31.317
AveBedrms,original,39,33.644999999999996,1,31.317
AveBedrms,sqrt,0,0.6405,6,31.317
AveBedrms,sqrt,1,0.7745,22,31.317
AveBedrms,sqrt,2,0.9059999999999999,1163,31.317
AveBedrms,sqrt,3,1.0375,18028,31.317
AveBedrms,sqrt,4,1.169,950,31.317
AveBedrms,sqrt,5,1.3005,198,31.317
AveBedrms,sqrt,6,1.432,94,31.317
AveBedrms,sqrt,7,1.5635,43,31.317
AveBedrms,sqrt,8,1.6949999999999998,32,31.317
AveBedrms,sqrt,9,1.8264999999999998,22,31.317
AveBedrms,sqrt,10,1.958,18,31.317
AveBedrms,sqrt,11,2.0895,9,31.317
AveBedrms,sqrt,12,2.221,14,31.317
AveBedrms,sqrt,13,2.3525,11,31.317
AveBedrms,sqrt,14,2.484,9,31.317
AveBedrms,sqrt,15,2.6155,4,31.317
AveBedrms,sqrt,16,2.747,0,31.317
AveBedrms,sqrt,17,2.8785,5,31.317
AveBedrms,sqrt,18,3.01,2,31.317
AveBedrms,sqrt,19,3.1414999999999997,3,31.317
AveBedrms,sqrt,20,3.2725,1,31.317
AveBedrms,sqrt,21,3.404,2,31.317
AveBedrms,sqrt,22,3.5355,0,31.317
AveBedrms,sqrt,23,3.667,0,31.317
AveBedrms,sqrt,24,3.7984999999999998,1,31.317
AveBedrms,sqrt,25,3.9299999999999997,1,31.317
AveBedrms,sqrt,26,4.0615,0,31.317
AveBedrms,sqrt,27,4.193,0,31.317
AveBedrms,sqrt,28,4.3245000000000005,0,31.317
AveBedrms,sqrt,29,4.4559999999999995,0,31.317
AveBedrms,sqrt,30,4.5875,0,31.317
AveBedrms,sqrt,31,4.718999999999999,0,31.317
AveBedrms,sqrt,32,4.8505,0,31.317
AveBedrms,sqrt,33,4.982,0,31.317
AveBedrms,sqrt,34,5.1135,1,31.317
AveBedrms,sqrt,35,5.245,0,31.317
AveBedrms,sqrt,36,5.3765,0,31.317
AveBedrms,sqrt,37,5.508,0,31.317
AveBedrms,sqrt,38,5.6395,0,31.317
AveBedrms,sqrt,39,5.771,1,31.317
AveBedrms,log1p,0,0.3265,3,31.317
AveBedrms,log1p,1,0.41000000000000003,9,31.317
AveBedrms,log1p,2,0.492,15,31.317
AveBedrms,log1p,3,0.5740000000000001,107,31.317
AveBedrms,log1p,4,0.6555,5067,31.317
AveBedrms,log1p,5,0.737,13473,31.317
AveBedrms,log1p,6,0.819,1233,31.317
AveBedrms,log1p,7,0.901,298,31.317
AveBedrms,log1p,8,0.9824999999999999,134,31.317
AveBedrms,log1p,9,1.064,70,31.317
AveBedrms,log1p,10,1.146,61,31.317
AveBedrms,log1p,11,1.228,26,31.317
AveBedrms,log1p,12,1.3094999999999999,25,31.317
AveBedrms,log1p,13,1.391,20,31.317
AveBedrms,log1p,14,1.4729999999999999,17,31.317
AveBedrms,log1p,15,1.5550000000000002,11,31.317
AveBedrms,log1p,16,1.6365,10,31.317
AveBedrms,log1p,17,1.718,12,31.317
AveBedrms,log1p,18,1.7999999999999998,12,31.317
AveBedrms,log1p,19,1.8815,7,31.317
AveBedrms,log1p,20,1.963,8,31.317
AveBedrms,log1p,21,2.045,3,31.317
AveBedrms,log1p,22,2.127,2,31.317
AveBedrms,log1p,23,2.2085,4,31.317
AveBedrms,log1p,24,2.29,3,31.317
AveBedrms,log1p,25,2.372,2,31.317
AveBedrms,log1p,26,2.4539999999999997,2,31.317
AveBedrms,log1p,27,2.5355,2,31.317
AveBedrms,log1p,28,2.617,0,31.317
AveBedrms,log1p,29,2.699,1,31.317
AveBedrms,log1p,30,2.781,1,31.317
AveBedrms,log1p,31,2.8625,0,31.317
AveBedrms,log1p,32,2.944,0,31.317
AveBedrms,log1p,33,3.026,0,31.317
AveBedrms,log1p,34,3.108,0,31.317
AveBedrms,log1p,35,3.1895,0,31.317
AveBedrms,log1p,36,3.271,1,31.317
AveBedrms,log1p,37,3.3529999999999998,0,31.317
AveBedrms,log1p,38,3.435,0,31.317
AveBedrms,log1p,39,3.5164999999999997,1,31.317
Population,original,0,431.148,6698,4.9359
Population,original,1,1340.9625,9158,4.9359
Population,original,2,2232.9375,2932,4.9359
Population,original,3,3124.9125000000004,1028,4.9359
Population,original,4,4016.8875,380,4.9359
Population,original,5,4908.8625,188,4.9359
Population,original,6,5800.8375,86,4.9359
Population,original,7,6692.8125,57,4.9359
Population,original,8,7584.7875,54,4.9359
Population,original,9,8476.7625,20,4.9359
Population,original,10,9368.7375,11,4.9359
Population,original,11,10260.712500000001,10,4.9359
Population,original,12,11152.6875,4,4.9359
Population,original,13,12044.662499999999,6,4.9359
Population,original,14,12936.6375,2,4.9359
Population,original,15,13828.6125,0,4.9359
Population,original,16,14720.587500000001,1,4.9359
Population,original,17,15612.5625,1,4.9359
Population,original,18,16504.5375,2,4.9359
Population,original,19,17396.5125,0,4.9359
Population,original,20,18288.4875,0,4.9359
Population,original,21,19180.4625,0,4.9359
Population,original,22,20072.4375,0,4.9359
Population,original,23,20964.4125,0,4.9359
Population,original,24,21856.3875,0,4.9359
Population,original,25,22748.3625,0,4.9359
Population,original,26,23640.3375,0,4.9359
Population,original,27,24532.3125,0,4.9359
Population,original,28,25424.2875,0,4.9359
Population,original,29,26316.2625,0,4.9359
Population,original,30,27208.2375,0,4.9359
Population,original,31,28100.2125,0,4.9359
Population,original,32,28992.1875,1,4.9359
Population,original,33,29884.1625,0,4.9359
Population,original,34,30776.1375,0,4.9359
Population,original,35,31668.1125,0,4.9359
Population,original,36,32560.087499999998,0,4.9359
Population,original,37,33452.0625,0,4.9359
Population,original,38,34344.037500000006,0,4.9359
Population,original,39,35236.0125,1,4.9359
Population,sqrt,0,3.9779999999999998,85,4.9359
Population,sqrt,1,8.750499999999999,200,4.9359
Population,sqrt,2,13.4295,359,4.9359
Population,sqrt,3,18.109,787,4.9359
Population,sqrt,4,22.7885,1767,4.9359
Population,sqrt,5,27.4675,3406,4.9359
Population,sqrt,6,32.146499999999996,4005,4.9359
Population,sqrt,7,36.8255,3465,4.9359
Population,sqrt,8,41.5045,2525,4.9359
Population,sqrt,9,46.1835,1533,4.9359
Population,sqrt,10,50.8625,929,4.9359
Population,sqrt,11,55.5415,593,4.9359
Population,sqrt,12,60.221000000000004,363,4.9359
Population,sqrt,13,64.9005,197,4.9359
Population,sqrt,14,69.5795,153,4.9359
Population,sqrt,15,74.2585,73,4.9359
Population,sqrt,16,78.9375,52,4.9359
Population,sqrt,17,83.6165,59,4.9359
Population,sqrt,18,88.2955,33,4.9359
Population,sqrt,19,92.9745,19,4.9359
Population,sqrt,20,97.654,14,4.9359
Population,sqrt,21,102.3335,6,4.9359
Population,sqrt,22,107.0125,5,4.9359
Population,sqrt,23,111.6915,5,4.9359
Population,sqrt,24,116.37049999999999,1,4.9359
Population,sqrt,25,121.0495,1,4.9359
Population,sqrt,26,125.7285,3,4.9359
Population,sqrt,27,130.40750000000003,0,4.9359
Population,sqrt,28,135.0865,0,4.9359
Population,sqrt,29,139.766,0,4.9359
Population,sqrt,30,144.44549999999998,0,4.9359
Population,sqrt,31,149.1245,0,4.9359
Population,sqrt,32,153.80349999999999,0,4.9359
Population,sqrt,33,158.48250000000002,0,4.9359
Population,sqrt,34,163.1615,0,4.9359
Population,sqrt,35,167.84050000000002,1,4.9359
Population,sqrt,36,172.5195,0,4.9359
Population,sqrt,37,177.199,0,4.9359
Population,sqrt,38,181.87849999999997,0,4.9359
Population,sqrt,39,186.5575,1,4.9359
Population,log1p,0,1.4955,1,4.9359
Population,log1p,1,1.7275,1,4.9359
Population,log1p,2,1.955,1,4.9359
Population,log1p,3,2.1825,4,4.9359
Population,log1p,4,2.4095,3,4.9359
Population,log1p,5,2.637,7,4.9359
Population,log1p,6,2.8645,6,4.9359
Population,log1p,7,3.092,9,4.9359
Population,log1p,8,3.3194999999999997,22,4.9359
Population,log1p,9,3.5465,23,4.9359
Population,log1p,10,3.774,23,4.9359
Population,log1p,11,4.0015,37,4.9359
Population,log1p,12,4.229,39,4.9359
Population,log1p,13,4.4565,50,4.9359
Population,log1p,14,4.6835,53,4.9359
Population,log1p,15,4.911,81,4.9359
Population,log1p,16,5.1385000000000005,95,4.9359
Population,log1p,17,5.366,149,4.9359
Population,log1p,18,5.593500000000001,211,4.9359
Population,log1p,19,5.8205,365,4.9359
Population,log1p,20,6.048,589,4.9359
Population,log1p,21,6.2755,1034,4.9359
Population,log1p,22,6.503,1793,4.9359
Population,log1p,23,6.7305,2696,4.9359
Population,log1p,24,6.9575,3164,4.9359
Population,log1p,25,7.1850000000000005,3108,4.9359
Population,log1p,26,7.4125,2666,4.9359
Population,log1p,27,7.64,1847,4.9359
Population,log1p,28,7.8675,1105,4.9359
Population,log1p,29,8.0945,692,4.9359
Population,log1p,30,8.322,362,4.9359
Population,log1p,31,8.5495,195,4.9359
Population,log1p,32,8.777000000000001,109,4.9359
Population,log1p,33,9.0045,63,4.9359
Population,log1p,34,9.2315,23,4.9359
Population,log1p,35,9.459,8,4.9359
Population,log1p,36,9.6865,4,4.9359
Population,log1p,37,9.914000000000001,0,4.9359
Population,log1p,38,10.1415,0,4.9359
Population,log1p,39,10.368500000000001,2,4.9359
AveOccup,original,0,15.604,20631,97.6396
AveOccup,original,1,47.291,3,97.6396
AveOccup,original,2,78.357,2,97.6396
AveOccup,original,3,109.423,0,97.6396
AveOccup,original,4,140.489,0,97.6396
AveOccup,original,5,171.555,0,97.6396
AveOccup,original,6,202.62099999999998,0,97.6396
AveOccup,original,7,233.6875,1,97.6396
AveOccup,original,8,264.754,0,97.6396
AveOccup,original,9,295.82,0,97.6396
AveOccup,original,10,326.88599999999997,0,97.6396
AveOccup,original,11,357.952,0,97.6396
AveOccup,original,12,389.01800000000003,0,97.6396
AveOccup,original,13,420.084,0,97.6396
AveOccup,original,14,451.15,0,97.6396
AveOccup,original,15,482.216,0,97.6396
AveOccup,original,16,513.282,1,97.6396
AveOccup,original,17,544.348,0,97.6396
AveOccup,original,18,575.414,0,97.6396
AveOccup,original,19,606.48,1,97.6396
AveOccup,original,20,637.546,0,97.6396
AveOccup,original,21,668.612,0,97.6396
AveOccup,original,22,699.678,0,97.6396
AveOccup,original,23,730.744,0,97.6396
AveOccup,original,24,761.81,0,97.6396
AveOccup,original,25,792.876,0,97.6396
AveOccup,original,26,823.942,0,97.6396
AveOccup,original,27,855.008,0,97.6396
AveOccup,original,28,886.0740000000001,0,97.6396
AveOccup,original,29,917.14,0,97.6396
AveOccup,original,30,948.206,0,97.6396
AveOccup,original,31,979.2719999999999,0,97.6396
AveOccup,original,32,1010.338,0,97.6396
AveOccup,original,33,1041.404,0,97.6396
AveOccup,original,34,1072.4699999999998,0,97.6396
AveOccup,original,35,1103.536,0,97.6396
AveOccup,original,36,1134.6019999999999,0,97.6396
AveOccup,original,37,1165.6680000000001,0,97.6396
AveOccup,original,38,1196.734,0,97.6396
AveOccup,original,39,1227.8000000000002,1,97.6396
AveOccup,sqrt,0,1.2455,10965,97.6396
AveOccup,sqrt,1,2.123,9597,97.6396
AveOccup,sqrt,2,2.9835000000000003,46,97.6396
AveOccup,sqrt,3,3.8445,18,97.6396
AveOccup,sqrt,4,4.705500000000001,5,97.6396
AveOccup,sqrt,5,5.566000000000001,1,97.6396
AveOccup,sqrt,6,6.426500000000001,1,97.6396
AveOccup,sqrt,7,7.2875,1,97.6396
AveOccup,sqrt,8,8.1485,1,97.6396
AveOccup,sqrt,9,9.009,1,97.6396
AveOccup,sqrt,10,9.8695,0,97.6396
AveOccup,sqrt,11,10.7305,0,97.6396
AveOccup,sqrt,12,11.591000000000001,0,97.6396
AveOccup,sqrt,13,12.4515,0,97.6396
AveOccup,sqrt,14,13.3125,0,97.6396
AveOccup,sqrt,15,14.1735,0,97.6396
AveOccup,sqrt,16,15.033999999999999,1,97.6396
AveOccup,sqrt,17,15.8945,0,97.6396
AveOccup,sqrt,18,16.755499999999998,0,97.6396
AveOccup,sqrt,19,17.616,0,97.6396
AveOccup,sqrt,20,18.4765,0,97.6396
AveOccup,sqrt,21,19.3375,0,97.6396
AveOccup,sqrt,22,20.198500000000003,0,97.6396
AveOccup,sqrt,23,21.059,0,97.6396
AveOccup,sqrt,24,21.9195,0,97.6396
AveOccup,sqrt,25,22.7805,1,97.6396
AveOccup,sqrt,26,23.6415,0,97.6396
AveOccup,sqrt,27,24.502,1,97.6396
AveOccup,sqrt,28,25.362499999999997,0,97.6396
AveOccup,sqrt,29,26.2235,0,97.6396
AveOccup,sqrt,30,27.084,0,97.6396
AveOccup,sqrt,31,27.944499999999998,0,97.6396
AveOccup,sqrt,32,28.805500000000002,0,97.6396
AveOccup,sqrt,33,29.6665,0,97.6396
AveOccup,sqrt,34,30.527,0,97.6396
AveOccup,sqrt,35,31.387500000000003,0,97.6396
AveOccup,sqrt,36,32.2485,0,97.6396
AveOccup,sqrt,37,33.109,0,97.6396
AveOccup,sqrt,38,33.9695,0,97.6396
AveOccup,sqrt,39,34.8305,1,97.6396
AveOccup,log1p,0,0.605,3,97.6396
AveOccup,log1p,1,0.7735,40,97.6396
AveOccup,log1p,2,0.9384999999999999,651,97.6396
AveOccup,log1p,3,1.1035,2805,97.6396
AveOccup,log1p,4,1.2685,7412,97.6396
AveOccup,log1p,5,1.4335,6333,97.6396
AveOccup,log1p,6,1.5985,2430,97.6396
AveOccup,log1p,7,1.7635,749,97.6396
AveOccup,log1p,8,1.9285,136,97.6396
AveOccup,log1p,9,2.0935,25,97.6396
AveOccup,log1p,10,2.2585,13,97.6396
AveOccup,log1p,11,2.4234999999999998,9,97.6396
AveOccup,log1p,12,2.5885,12,97.6396
AveOccup,log1p,13,2.7535,6,97.6396
AveOccup,log1p,14,2.9185,5,97.6396
AveOccup,log1p,15,3.0835,2,97.6396
AveOccup,log1p,16,3.2485,0,97.6396
AveOccup,log1p,17,3.4135,0,97.6396
AveOccup,log1p,18,3.5785,1,97.6396
AveOccup,log1p,19,3.7435,1,97.6396
AveOccup,log1p,20,3.9085,1,97.6396
AveOccup,log1p,21,4.0735,0,97.6396
AveOccup,log1p,22,4.2385,1,97.6396
AveOccup,log1p,23,4.403499999999999,1,97.6396
AveOccup,log1p,24,4.5685,0,97.6396
AveOccup,log1p,25,4.733499999999999,0,97.6396
AveOccup,log1p,26,4.8985,0,97.6396
AveOccup,log1p,27,5.0634999999999994,0,97.6396
AveOccup,log1p,28,5.2285,0,97.6396
AveOccup,log1p,29,5.3934999999999995,1,97.6396
AveOccup,log1p,30,5.5585,0,97.6396
AveOccup,log1p,31,5.7235,0,97.6396
AveOccup,log1p,32,5.8885000000000005,0,97.6396
AveOccup,log1p,33,6.0535,0,97.6396
AveOccup,log1p,34,6.218500000000001,1,97.6396
AveOccup,log1p,35,6.3835,1,97.6396
AveOccup,log1p,36,6.548500000000001,0,97.6396
AveOccup,log1p,37,6.7135,0,97.6396
AveOccup,log1p,38,6.878500000000001,0,97.6396
AveOccup,log1p,39,7.0435,1,97.6396
Latitude,original,0,32.653,737,0.466
Latitude,original,1,32.8925,596,0.466
Latitude,original,2,33.128,336,0.466
Latitude,original,3,33.3635,127,0.466
Latitude,original,4,33.5985,689,0.466
Latitude,original,5,33.834,3021,0.466
Latitude,original,6,34.0695,4167,0.466
Latitude,original,7,34.3045,1110,0.466
Latitude,original,8,34.5395,300,0.466
Latitude,original,9,34.7745,137,0.466
Latitude,original,10,35.010000000000005,115,0.466
Latitude,original,11,35.2455,195,0.466
Latitude,original,12,35.4805,186,0.466
Latitude,original,13,35.716,75,0.466
Latitude,original,14,35.9515,50,0.466
Latitude,original,15,36.1865,163,0.466
Latitude,original,16,36.4215,189,0.466
Latitude,original,17,36.6565,435,0.466
Latitude,original,18,36.891999999999996,454,0.466
Latitude,original,19,37.1275,214,0.466
Latitude,original,20,37.3625,1166,0.466
Latitude,original,21,37.598,1021,0.466
Latitude,original,22,37.8335,1766,0.466
Latitude,original,23,38.0685,759,0.466
Latitude,original,24,38.3035,417,0.466
Latitude,original,25,38.5385,729,0.466
Latitude,original,26,38.774,368,0.466
Latitude,original,27,39.0095,226,0.466
Latitude,original,28,39.2445,225,0.466
Latitude,original,29,39.480000000000004,103,0.466
Latitude,original,30,39.7155,127,0.466
Latitude,original,31,39.9505,35,0.466
Latitude,original,32,40.1855,53,0.466
Latitude,original,33,40.4205,68,0.466
Latitude,original,34,40.656,118,0.466
Latitude,original,35,40.8915,85,0.466
Latitude,original,36,41.1265,17,0.466
Latitude,original,37,41.361999999999995,18,0.466
Latitude,original,38,41.5975,13,0.466
Latitude,original,39,41.8325,30,0.466
Latitude,sqrt,0,5.714,687,0.466
Latitude,sqrt,1,5.7335,608,0.466
Latitude,sqrt,2,5.7524999999999995,322,0.466
Latitude,sqrt,3,5.772,124,0.466
Latitude,sqrt,4,5.7915,447,0.466
Latitude,sqrt,5,5.8105,2064,0.466
Latitude,sqrt,6,5.83,4196,0.466
Latitude,sqrt,7,5.8495,2179,0.466
Latitude,sqrt,8,5.8685,363,0.466
Latitude,sqrt,9,5.888,174,0.466
Latitude,sqrt,10,5.9075,130,0.466
Latitude,sqrt,11,5.9265,85,0.466
Latitude,sqrt,12,5.9455,293,0.466
Latitude,sqrt,13,5.965,93,0.466
Latitude,sqrt,14,5.9845,38,0.466
Latitude,sqrt,15,6.0035,101,0.466
Latitude,sqrt,16,6.023,224,0.466
Latitude,sqrt,17,6.0425,226,0.466
Latitude,sqrt,18,6.0615,516,0.466
Latitude,sqrt,19,6.0809999999999995,284,0.466
Latitude,sqrt,20,6.1005,619,0.466
Latitude,sqrt,21,6.1195,949,0.466
Latitude,sqrt,22,6.138999999999999,1776,0.466
Latitude,sqrt,23,6.1585,1313,0.466
Latitude,sqrt,24,6.1775,341,0.466
Latitude,sqrt,25,6.197,522,0.466
Latitude,sqrt,26,6.2165,767,0.466
Latitude,sqrt,27,6.2355,203,0.466
Latitude,sqrt,28,6.2545,260,0.466
Latitude,sqrt,29,6.274,122,0.466
Latitude,sqrt,30,6.2935,83,0.466
Latitude,sqrt,31,6.3125,119,0.466
Latitude,sqrt,32,6.332,46,0.466
Latitude,sqrt,33,6.3515,57,0.466
Latitude,sqrt,34,6.3705,123,0.466
Latitude,sqrt,35,6.390000000000001,103,0.466
Latitude,sqrt,36,6.4094999999999995,20,0.466
Latitude,sqrt,37,6.4285,19,0.466
Latitude,sqrt,38,6.448,14,0.466
Latitude,sqrt,39,6.4675,30,0.466
Latitude,log1p,0,3.5155000000000003,513,0.466
Latitude,log1p,1,3.5220000000000002,740,0.466
Latitude,log1p,2,3.528,283,0.466
Latitude,log1p,3,3.534,181,0.466
Latitude,log1p,4,3.5404999999999998,210,0.466
Latitude,log1p,5,3.5469999999999997,1455,0.466
Latitude,log1p,6,3.553,3292,0.466
Latitude,log1p,7,3.559,3569,0.466
Latitude,log1p,8,3.565,660,0.466
Latitude,log1p,9,3.5715000000000003,194,0.466
Latitude,log1p,10,3.5780000000000003,132,0.466
Latitude,log1p,11,3.584,106,0.466
Latitude,log1p,12,3.59,149,0.466
Latitude,log1p,13,3.596,225,0.466
Latitude,log1p,14,3.6020000000000003,81,0.466
Latitude,log1p,15,3.6085000000000003,31,0.466
Latitude,log1p,16,3.615,146,0.466
Latitude,log1p,17,3.621,194,0.466
Latitude,log1p,18,3.627,328,0.466
Latitude,log1p,19,3.633,460,0.466
Latitude,log1p,20,3.6395,263,0.466
Latitude,log1p,21,3.646,1049,0.466
Latitude,log1p,22,3.652,884,0.466
Latitude,log1p,23,3.658,1823,0.466
Latitude,log1p,24,3.6639999999999997,1009,0.466
Latitude,log1p,25,3.67,379,0.466
Latitude,log1p,26,3.6765,742,0.466
Latitude,log1p,27,3.683,410,0.466
Latitude,log1p,28,3.689,240,0.466
Latitude,log1p,29,3.6950000000000003,232,0.466
Latitude,log1p,30,3.701,100,0.466
Latitude,log1p,31,3.7075,126,0.466
Latitude,log1p,32,3.714,43,0.466
Latitude,log1p,33,3.7199999999999998,54,0.466
Latitude,log1p,34,3.726,136,0.466
Latitude,log1p,35,3.732,103,0.466
Latitude,log1p,36,3.738,34,0.466
Latitude,log1p,37,3.7445000000000004,18,0.466
Latitude,log1p,38,3.7510000000000003,14,0.466
Latitude,log1p,39,3.7569999999999997,32,0.466
Longitude,original,0,-124.2295,91,-0.2978
Longitude,original,1,-123.9735,40,-0.2978
Longitude,original,2,-123.7225,32,-0.2978
Longitude,original,3,-123.47149999999999,27,-0.2978
Longitude,original,4,-123.2205,56,-0.2978
Longitude,original,5,-122.9695,91,-0.2978
Longitude,original,6,-122.7185,311,-0.2978
Longitude,original,7,-122.4675,1095,-0.2978
Longitude,original,8,-122.2165,1552,-0.2978
Longitude,original,9,-121.96549999999999,1676,-0.2978
Longitude,original,10,-121.7145,601,-0.2978
Longitude,original,11,-121.4635,735,-0.2978
Longitude,original,12,-121.2125,687,-0.2978
Longitude,original,13,-120.9615,448,-0.2978
Longitude,original,14,-120.7105,251,-0.2978
Longitude,original,15,-120.45949999999999,287,-0.2978
Longitude,original,16,-120.2085,146,-0.2978
Longitude,original,17,-119.9575,211,-0.2978
Longitude,original,18,-119.7065,558,-0.2978
Longitude,original,19,-119.4555,199,-0.2978
Longitude,original,20,-119.2045,380,-0.2978
Longitude,original,21,-118.95349999999999,403,-0.2978
Longitude,original,22,-118.7025,217,-0.2978
Longitude,original,23,-118.4515,1871,-0.2978
Longitude,original,24,-118.2005,3025,-0.2978
Longitude,original,25,-117.9495,1891,-0.2978
Longitude,original,26,-117.6985,840,-0.2978
Longitude,original,27,-117.44749999999999,452,-0.2978
Longitude,original,28,-117.1965,1444,-0.2978
Longitude,original,29,-116.9455,664,-0.2978
Longitude,original,30,-116.6945,49,-0.2978
Longitude,original,31,-116.4435,95,-0.2978
Longitude,original,32,-116.1925,58,-0.2978
Longitude,original,33,-115.94149999999999,22,-0.2978
Longitude,original,34,-115.6905,38,-0.2978
Longitude,original,35,-115.4395,65,-0.2978
Longitude,original,36,-115.1885,1,-0.2978
Longitude,original,37,-114.9375,3,-0.2978
Longitude,original,38,-114.6865,23,-0.2978
Longitude,original,39,-114.4355,5,-0.2978
MedHouseVal,original,0,0.20800000000000002,12,0.9778
MedHouseVal,original,1,0.3315,24,0.9778
MedHouseVal,original,2,0.453,205,0.9778
MedHouseVal,original,3,0.5745,636,0.9778
MedHouseVal,original,4,0.6955,821,0.9778
MedHouseVal,original,5,0.8165,807,0.9778
MedHouseVal,original,6,0.938,1090,0.9778
MedHouseVal,original,7,1.0595,894,0.9778
MedHouseVal,original,8,1.1805,998,0.9778
MedHouseVal,original,9,1.3015,880,0.9778
MedHouseVal,original,10,1.423,1106,0.9778
MedHouseVal,original,11,1.5445,1115,0.9778
MedHouseVal,original,12,1.6655,1165,0.9778
MedHouseVal,original,13,1.7865,988,0.9778
MedHouseVal,original,14,1.908,967,0.9778
MedHouseVal,original,15,2.0295,651,0.9778
MedHouseVal,original,16,2.1505,785,0.9778
MedHouseVal,original,17,2.2714999999999996,806,0.9778
MedHouseVal,original,18,2.393,670,0.9778
MedHouseVal,original,19,2.5145,538,0.9778
MedHouseVal,original,20,2.6355000000000004,546,0.9778
MedHouseVal,original,21,2.757,529,0.9778
MedHouseVal,original,22,2.8785,400,0.9778
MedHouseVal,original,23,2.9995000000000003,294,0.9778
MedHouseVal,original,24,3.1205,265,0.9778
MedHouseVal,original,25,3.242,302,0.9778
MedHouseVal,original,26,3.3635,325,0.9778
MedHouseVal,original,27,3.4844999999999997,347,0.9778
MedHouseVal,original,28,3.6055,236,0.9778
MedHouseVal,original,29,3.727,199,0.9778
MedHouseVal,original,30,3.8484999999999996,155,0.9778
MedHouseVal,original,31,3.9695,162,0.9778
MedHouseVal,original,32,4.0905000000000005,126,0.9778
MedHouseVal,original,33,4.212,118,0.9778
MedHouseVal,original,34,4.3335,113,0.9778
MedHouseVal,original,35,4.4544999999999995,122,0.9778
MedHouseVal,original,36,4.5755,78,0.9778
MedHouseVal,original,37,4.697,66,0.9778
MedHouseVal,original,38,4.8185,61,0.9778
MedHouseVal,original,39,4.9395,1038,0.9778
MedHouseVal,sqrt,0,0.4095,5,0.9778
MedHouseVal,sqrt,1,0.45699999999999996,4,0.9778
MedHouseVal,sqrt,2,0.503,4,0.9778
MedHouseVal,sqrt,3,0.5489999999999999,7,0.9778
MedHouseVal,sqrt,4,0.595,13,0.9778
MedHouseVal,sqrt,5,0.6415,52,0.9778
MedHouseVal,sqrt,6,0.688,133,0.9778
MedHouseVal,sqrt,7,0.734,307,0.9778
MedHouseVal,sqrt,8,0.78,399,0.9778
MedHouseVal,sqrt,9,0.8260000000000001,545,0.9778
MedHouseVal,sqrt,10,0.8725,456,0.9778
MedHouseVal,sqrt,11,0.919,656,0.9778
MedHouseVal,sqrt,12,0.965,821,0.9778
MedHouseVal,sqrt,13,1.0110000000000001,708,0.9778
MedHouseVal,sqrt,14,1.0575,827,0.9778
MedHouseVal,sqrt,15,1.104,758,0.9778
MedHouseVal,sqrt,16,1.15,882,0.9778
MedHouseVal,sqrt,17,1.1960000000000002,912,0.9778
MedHouseVal,sqrt,18,1.242,1064,0.9778
MedHouseVal,sqrt,19,1.2885,1161,0.9778
MedHouseVal,sqrt,20,1.335,990,0.9778
MedHouseVal,sqrt,21,1.381,1030,0.9778
MedHouseVal,sqrt,22,1.427,715,0.9778
MedHouseVal,sqrt,23,1.4735,858,0.9778
MedHouseVal,sqrt,24,1.52,911,0.9778
MedHouseVal,sqrt,25,1.5659999999999998,727,0.9778
MedHouseVal,sqrt,26,1.612,655,0.9778
MedHouseVal,sqrt,27,1.658,668,0.9778
MedHouseVal,sqrt,28,1.7045,482,0.9778
MedHouseVal,sqrt,29,1.751,368,0.9778
MedHouseVal,sqrt,30,1.7970000000000002,403,0.9778
MedHouseVal,sqrt,31,1.843,440,0.9778
MedHouseVal,sqrt,32,1.8895,426,0.9778
MedHouseVal,sqrt,33,1.936,281,0.9778
MedHouseVal,sqrt,34,1.982,237,0.9778
MedHouseVal,sqrt,35,2.028,201,0.9778
MedHouseVal,sqrt,36,2.074,171,0.9778
MedHouseVal,sqrt,37,2.1205,176,0.9778
MedHouseVal,sqrt,38,2.167,107,0.9778
MedHouseVal,sqrt,39,2.213,1080,0.9778
MedHouseVal,log1p,0,0.1595,5,0.9778
MedHouseVal,log1p,1,0.2015,4,0.9778
MedHouseVal,log1p,2,0.243,7,0.9778
MedHouseVal,log1p,3,0.2845,10,0.9778
MedHouseVal,log1p,4,0.3255,22,0.9778
MedHouseVal,log1p,5,0.367,79,0.9778
MedHouseVal,log1p,6,0.4085,210,0.9778
MedHouseVal,log1p,7,0.4495,357,0.9778
MedHouseVal,log1p,8,0.4905,358,0.9778
MedHouseVal,log1p,9,0.532,546,0.9778
MedHouseVal,log1p,10,0.5735,375,0.9778
MedHouseVal,log1p,11,0.6145,608,0.9778
MedHouseVal,log1p,12,0.656,737,0.9778
MedHouseVal,log1p,13,0.6975,662,0.9778
MedHouseVal,log1p,14,0.7384999999999999,713,0.9778
MedHouseVal,log1p,15,0.78,680,0.9778
MedHouseVal,log1p,16,0.8215,687,0.9778
MedHouseVal,log1p,17,0.8625,864,0.9778
MedHouseVal,log1p,18,0.9035,852,0.9778
MedHouseVal,log1p,19,0.9450000000000001,1119,0.9778
MedHouseVal,log1p,20,0.9864999999999999,935,0.9778
MedHouseVal,log1p,21,1.0274999999999999,955,0.9778
MedHouseVal,log1p,22,1.069,955,0.9778
MedHouseVal,log1p,23,1.1105,674,0.9778
MedHouseVal,log1p,24,1.1515,835,0.9778
MedHouseVal,log1p,25,1.193,882,0.9778
MedHouseVal,log1p,26,1.2345,738,0.9778
MedHouseVal,log1p,27,1.2755,643,0.9778
MedHouseVal,log1p,28,1.3165,691,0.9778
MedHouseVal,log1p,29,1.358,520,0.9778
MedHouseVal,log1p,30,1.3995,373,0.9778
MedHouseVal,log1p,31,1.4405000000000001,420,0.9778
MedHouseVal,log1p,32,1.482,465,0.9778
MedHouseVal,log1p,33,1.5234999999999999,461,0.9778
MedHouseVal,log1p,34,1.5645,286,0.9778
MedHouseVal,log1p,35,1.6059999999999999,242,0.9778
MedHouseVal,log1p,36,1.6475,209,0.9778
MedHouseVal,log1p,37,1.6885,224,0.9778
MedHouseVal,log1p,38,1.7295,138,0.9778
MedHouseVal,log1p,39,1.771,1099,0.9778
